movie_id,title,industry,release_year,imdb_rating,studio,language_id
101,K.G.F: Chapter 2,Bollywood,2022,8.4,Hombale Films,3
102,Doctor Strange in the Multiverse of Madness,Hollywood,2022,7,Marvel Studios,5
103,Thor: The Dark World ,Hollywood,2013,6.8,Marvel Studios,5
104,Thor: Ragnarok ,Hollywood,2017,7.9,Marvel Studios,5
105,Thor: Love and Thunder ,Hollywood,2022,6.8,Marvel Studios,5
106,Sholay,Bollywood,1975,8.1,United Producers,1
107,Dilwale Dulhania Le Jayenge,Bollywood,1995,8,Yash Raj Films,1
108,3 Idiots,Bollywood,2009,8.4,Vinod Chopra Films,1
109,Kabhi Khushi Kabhie Gham,Bollywood,2001,7.4,Dharma Productions,1
110,Bajirao Mastani ,Bollywood,2015,7.2,,1
111,The Shawshank Redemption,Hollywood,1994,9.3,Castle Rock Entertainment,5
112,Inception,Hollywood,2010,8.8,Warner Bros. Pictures,5
113,Interstellar,Hollywood,2014,8.6,Warner Bros. Pictures,5
115,The Pursuit of Happyness,Hollywood,2006,8,Columbia Pictures,5
116,Gladiator,Hollywood,2000,8.5,Universal Pictures  ,5
117,Titanic,Hollywood,1997,7.9,Paramount Pictures,5
118,It's a Wonderful Life,Hollywood,1946,8.6,Liberty Films,5
119,Avatar,Hollywood,2009,7.8,20th Century Fox,5
120,The Godfather,Hollywood,1972,9.2,Paramount Pictures,5
121,The Dark Knight,Hollywood,2008,9,Syncopy,5
122,Schindler's List,Hollywood,1993,9,Universal Pictures,5
123,Jurassic Park,Hollywood,1993,8.2,Universal Pictures,5
124,Parasite,Hollywood,2019,8.5,,5
125,Avengers: Endgame,Hollywood,2019,8.4,Marvel Studios,5
126,Avengers: Infinity War,Hollywood,2018,8.4,Marvel Studios,5
127,Pather Panchali,Bollywood,1955,8.3,Government of West Bengal,7
128,Taare Zameen Par,Bollywood,2007,8.3,,1
129,Munna Bhai M.B.B.S.,Bollywood,2003,8.1,Vinod Chopra Productions,1
130,PK,Bollywood,2014,8.1,Vinod Chopra Films,1
131,Sanju,Bollywood,2018,NULL,Vinod Chopra Films,1
132,Pushpa: The Rise - Part 1,Bollywood,2021,7.6,Mythri Movie Makers,2
133,RRR,Bollywood,2022,8,DVV Entertainment,2
134,Baahubali: The Beginning,Bollywood,2015,8,Arka Media Works,2
135,The Kashmir Files,Bollywood,2022,8.3,Zee Studios,1
136,Bajrangi Bhaijaan,Bollywood,2015,8.1,Salman Khan Films,1
137,Captain America: The First Avenger,Hollywood,2011,6.9,Marvel Studios,5
138,Captain America: The Winter Soldier,Hollywood,2014,7.8,Marvel Studios,5
139,Race 3,Bollywood,2018,1.9,Salman Khan Films,1
140,Shershaah,Bollywood,2021,8.4,Dharma Productions,1
